MatchID,HomeTeam,AwayTeam,MatchDate,HomeScore,AwayScore,StadiumName,HomeTeamCountry,AwayTeamCountry,RefereeName
18244,2017-06-03,1,4,Juventus,Italy,Real Madrid,Spain,Principality Stadium,Felix Brych
3750201,2009-05-27,2,0,Barcelona,Spain,Manchester United,England,Estadio Olímpico,Massimo Busacca
18241,2014-05-24,4,1,Real Madrid,Spain,Atlético Madrid,Spain,Estádio da Luz,Björn Kuipers
18237,2012-05-19,1,1,Bayern Munich,Germany,Chelsea,England,Allianz Arena,Pedro Proença
3750200,2007-05-23,2,1,AC Milan,Italy,Liverpool,England,Olympiako Stadio Spyros Louis,Herbert Fandel
22912,2019-06-01,0,2,Tottenham Hotspur,England,Liverpool,England,Estádio Cívitas Metropolitano,Damir Skomina
18240,2013-05-25,1,2,Borussia Dortmund,Germany,Bayern Munich,Germany,Wembley Stadium,Nicola Rizzoli
3752619,2004-05-26,0,3,AS Monaco,Monaco,FC Porto,Portugal,VELTINS-Arena,
18243,2016-05-28,1,1,Real Madrid,Spain,Atlético Madrid,Spain,Stadio Giuseppe Meazza    ,Mark Clattenburg
18242,2015-06-06,1,3,Juventus,Italy,Barcelona,Spain,Olympiastadion Berlin,Cüneyt Çakιr
18245,2018-05-26,3,1,Real Madrid,Spain,Liverpool,England,Olympic Stadium,Milorad Mažić
18235,2010-05-22,0,2,Bayern Munich,Germany,Inter Milan,Italy,Bernabéu,Howard Webb
18236,2011-05-28,3,1,Barcelona,Spain,Manchester United,England,Wembley Stadium,Viktor Kassai
2302764,2005-05-25,3,3,AC Milan,Italy,Liverpool,England,Atatürk Olimpiyat Stadı,
